author_id;author_last_name;author_first_name;author_middle_name;author_country
1;Weber;Gail;Elaine;Italy
2;Mcintosh;Igor;Hamish;Nigeria
3;Rivers;Naida;Colleen;Pakistan
4;Jefferson;Kermit;Kato;Colombia
5;Watkins;Philip;Rebecca;Nigeria
6;Ewing;Zachery;Mohammad;China
7;Franks;Pamela;Eliana;Germany
8;Barrera;Wyatt;Kelly;Colombia
9;Little;Skyler;Acton;Netherlands
10;Best;Thaddeus;Craig;Costa Rica
11;Everett;Caryn;Morgan;Canada
12;Crawford;Philip;Abraham;Singapore
13;Reese;Coby;Sade;Chile
14;Kirby;Ginger;Jeanette;Netherlands
15;Schwartz;Denton;Jerome;Italy
16;Barrett;Carissa;Davis;Chile
17;Aguirre;Tana;Jenette;Russian Federation
18;Finley;Flynn;September;South Africa
19;Talley;Jin;Dominique;Australia
20;Hart;Imani;Macaulay;Ireland
21;Rodriquez;Sonya;Lev;Peru
22;Sanchez;Quamar;Nita;United Kingdom
23;Delgado;James;Damian;Philippines
24;Hopkins;Unity;Macaulay;Norway
25;Huber;Abra;Austin;Australia
26;Best;Valentine;Ursa;Vietnam
27;Snow;Xander;Dale;Ireland
28;Harrington;Madeline;Channing;South Korea
29;Mack;Melvin;Kermit;Indonesia
30;Copeland;Brielle;Jenna;Germany
31;Marks;Lucas;Giselle;Belgium
32;Henson;Daryl;Aiko;Belgium
33;Franks;Brian;Zia;Costa Rica
34;Wells;Quin;Amethyst;Norway
35;Lawson;McKenzie;Geraldine;United States
36;Humphrey;Hollee;Tanek;Norway
37;Velazquez;Finn;Keaton;United Kingdom
38;Chaney;Joshua;Shay;Netherlands
39;Paul;Valentine;Hu;Peru
40;Hatfield;Linda;Cyrus;Sweden
41;Bruce;Nola;Isabelle;Mexico
42;Velez;Josiah;Fredericka;Spain
43;Faulkner;Lance;Lacota;Ireland
44;Cooley;Christian;Serina;China
45;Byers;Mufutau;Pearl;Singapore
46;Hess;Rahim;Keith;Sweden
47;Flynn;Ulysses;Kim;United States
48;Ramos;Allistair;Martha;China
49;Salazar;Carter;Jared;India
50;Bowers;Yvonne;Hilary;United States
51;Herrera;Maxine;Stacy;India
52;Moore;Bradley;Tanek;Nigeria
53;Maddox;Kelly;Hammett;Belgium
54;Solomon;Dean;Cecilia;Brazil
55;Bauer;Justina;Amery;Vietnam
56;O'Neill;Mohammad;Cyrus;Peru
57;Burris;Jaime;Shelly;Italy
58;Yates;Graham;Rajah;Costa Rica
59;Johnson;Astra;Cassidy;Brazil
60;Tillman;Astra;Chanda;Nigeria
61;Wade;Kamal;Dara;Poland
62;Mullen;Venus;Brenna;Germany
63;Fuller;Branden;Remedios;Philippines
64;Woods;Christian;Lacey;Ukraine
65;Garner;Beatrice;Olympia;Philippines
66;Sharp;Conan;Ishmael;Peru
67;Chaney;Lila;Yardley;India
68;Hill;Zelenia;Glenna;Philippines
69;Rice;Isabella;Brynn;France
70;Stanley;Chava;Garrison;Indonesia
71;Wise;Linda;Eliana;Nigeria
72;Clark;Zorita;Cara;Indonesia
73;Mcbride;Steel;Tanek;Ireland
74;Ayala;Madaline;Britanni;Sweden
75;Sellers;Chantale;Noelle;Italy
76;Garner;Sylvester;Willa;Indonesia
77;Walter;Jordan;Ronan;Belgium
78;Shaffer;Nero;Zeph;China
79;Stein;Samuel;Marsden;Vietnam
80;Coleman;Odysseus;Xenos;Austria
81;Sampson;Wang;Dieter;Brazil
82;Cruz;Nathan;Ignacia;Poland
83;Pugh;Chaim;Winifred;New Zealand
84;Blackburn;Tad;Kimberley;Peru
85;Bowman;Beck;Victoria;Turkey
86;Day;Fulton;Kerry;Colombia
87;Barber;Carter;Alyssa;Philippines
88;Molina;Abdul;Rooney;Mexico
89;Mcbride;Hannah;Savannah;Germany
90;James;Neville;Honorato;New Zealand
91;Cantu;Gretchen;Shaeleigh;Nigeria
92;Walls;Suki;Miriam;Pakistan
93;Chapman;Rebekah;Emery;Costa Rica
94;Flowers;Oprah;Lee;South Africa
95;Barry;Teagan;Rudyard;Italy
96;Rich;Ariel;Buffy;Turkey
97;Cline;Mira;Harriet;South Korea
98;Schwartz;Shad;Dante;Brazil
99;Sellers;Lucy;Karyn;Ukraine
100;Powers;Germane;Fuller;Nigeria
101;Goodwin;Acton;Pamela;Mexico
102;Walters;Jackson;Marvin;South Korea
103;Byrd;Nicole;Carson;Poland
104;Cantu;Idola;Baxter;India
105;Freeman;Germaine;Lareina;Sweden
106;Peterson;Mallory;Charles;South Africa
107;Rutledge;Ishmael;Freya;Norway
108;Good;Zahir;Yasir;Sweden
109;Wilcox;Galvin;Cedric;Poland
110;Luna;Jenette;Giacomo;Italy
111;Patterson;Xantha;Chaney;France
112;Livingston;Jarrod;Wynne;United Kingdom
113;Moses;Zenia;Bethany;Canada
114;Ortega;Cally;Lareina;Pakistan
115;Sandoval;Ignatius;Olga;New Zealand
116;Richmond;Flavia;Nasim;Norway
117;Greer;Elmo;Margaret;Vietnam
118;Harrison;Dean;Miranda;Nigeria
119;Jacobs;Marvin;Asher;Italy
120;Hardy;Hilel;Lesley;Norway
121;Brown;Dale;Kane;Philippines
122;Bolton;Katelyn;Kennedy;Singapore
123;Oneal;Bevis;Demetrius;Russian Federation
124;Hendrix;Olympia;Samuel;Costa Rica
125;Rosales;Leonard;Germaine;Singapore
126;Estes;Kylee;Erich;Singapore
127;Blackburn;Violet;Dai;Netherlands
128;Martin;Denton;Aspen;Spain
129;Cummings;Chaney;Preston;India
130;Holt;Jorden;Wing;Pakistan
131;Adkins;Heather;Inez;Costa Rica
132;Guy;Isabelle;Colorado;India
133;Gould;Wylie;Jeremy;New Zealand
134;Witt;Dieter;Kessie;Austria
135;Pacheco;Lewis;Zenaida;Indonesia
136;Baldwin;Berk;Briar;Turkey
137;Oneal;Bell;Allegra;South Africa
138;Adkins;Vance;Kirby;Canada
139;Barlow;Iris;Chava;Vietnam
140;Luna;Raya;Mark;Singapore
141;Glass;Harper;Kay;India
142;Santos;Indigo;Clinton;Poland
143;Head;Nichole;Tarik;Philippines
144;Lamb;Ivana;Roth;China
145;May;Mohammad;Eric;Nigeria
146;Thornton;Hunter;Chloe;Spain
147;Phillips;Melissa;Zahir;Singapore
148;House;Richard;Aidan;Singapore
149;Levy;Serina;Kirby;Spain
150;Mcconnell;Jennifer;Cleo;France
151;Mccormick;Hillary;Myles;South Africa
152;Snider;Orli;Audrey;Russian Federation
153;Mcfarland;Hop;Shelly;Peru
154;Ramsey;Peter;Hayley;Sweden
155;George;Ima;Tyler;Nigeria
156;Tyler;Ruby;Britanney;Pakistan
157;Coleman;Keane;Elmo;Colombia
158;Mitchell;Yoshi;Ifeoma;Chile
159;Wooten;Wade;Quinn;South Korea
160;Travis;Castor;Hope;Pakistan
161;Morales;Justine;Colby;India
162;Shelton;Francis;Fay;Austria
163;Gates;Morgan;Bruno;Italy
164;Orr;Alexander;Chaney;Indonesia
165;Austin;Fritz;Yoshio;Austria
166;Villarreal;Judah;Jaden;Indonesia
167;Huffman;Amos;Ulysses;Philippines
168;Mayer;Burke;Xander;Poland
169;Maddox;Cara;Ray;Mexico
170;Vasquez;Wesley;Roth;Chile
171;Fulton;Dominique;Aaron;Vietnam
172;Sheppard;Xenos;Tamara;United States
173;Horne;Austin;Blaze;South Korea
174;Bruce;Emmanuel;Danielle;Sweden
175;Bailey;Teegan;Lynn;China
176;Morse;Laith;Julie;Indonesia
177;Harrell;Hoyt;Alice;Vietnam
178;Lawson;Katelyn;Veronica;Spain
179;Craft;Anjolie;Mollie;Ireland
180;Valenzuela;Rudyard;Chanda;Turkey
181;Holden;Nina;Emerald;China
182;Richmond;Lucas;Galena;Turkey
183;Head;Phillip;Samuel;Austria
184;Puckett;Adam;Hilda;Colombia
185;Sparks;Danielle;Timon;Poland
186;Buckley;Macy;Nissim;Italy
187;Snider;Robin;Prescott;Austria
188;Calhoun;Jane;Zeph;Australia
189;Pope;Hashim;Gage;Germany
190;Flores;Keaton;Arthur;China
191;Payne;Nathan;Aiko;Poland
192;Chavez;Leonard;Craig;Philippines
193;Gordon;Michelle;Macey;Indonesia
194;Reynolds;Callie;Lisandra;Brazil
195;Walsh;Brady;Miriam;Poland
196;Guerrero;Abraham;Piper;Costa Rica
197;Vinson;Aurelia;Raja;Mexico
198;Morgan;Gay;Yardley;Netherlands
199;Cotton;Kaseem;Eaton;Norway
200;Ortega;Brenda;Uriel;Russian Federation
