reader_id;num_id;last_name;first_name;surname;adress;phone_num
1;100;Travis;Indigo;Garrison;P.O. Box 663, 7902 Nam St.;(886) 813-5634
2;101;Lane;Xena;Signe;Ap #296-5356 Taciti Road;(569) 708-4645
3;102;Mcdaniel;Yasir;Dieter;6570 Malesuada. Street;(222) 924-8947
4;103;Barlow;Hoyt;Jamalia;7043 Fusce Street;1-622-898-2777
5;104;Ryan;Lois;Forrest;4786 Diam St.;1-286-324-7236
6;105;Soto;Inga;Colorado;Ap #833-3540 Urna. Road;1-906-821-2433
7;106;Porter;Kimberly;Ezekiel;P.O. Box 678, 7806 Quis Avenue;1-457-801-2916
8;107;Gill;Derek;Mara;1457 Dictum Avenue;1-562-202-5194
9;108;Fry;Rosalyn;Amelia;Ap #929-7519 Suspendisse Avenue;(319) 571-5751
10;109;Robinson;Eugenia;Arthur;488-8935 Ad Road;1-366-687-2822
11;110;Mcconnell;Willa;Amir;411-3713 Nonummy Street;1-769-635-1352
12;111;Page;Nigel;Nina;Ap #837-213 Risus. St.;1-286-436-7616
13;112;Sherman;Harriet;Todd;P.O. Box 879, 8866 Lorem Road;(621) 445-3463
14;113;Love;Rajah;Beatrice;8410 Egestas, Avenue;(861) 386-8251
15;114;Randall;Idona;Ocean;2551 Leo. Rd.;1-278-608-1566
16;115;Beach;Josiah;Dalton;Ap #443-6778 Vestibulum Av.;(778) 685-7833
17;116;Ruiz;Thomas;Kelly;Ap #179-7375 Penatibus Rd.;(256) 266-4752
18;117;Hart;Conan;Candace;Ap #650-5759 Tristique Av.;1-551-411-1196
19;118;Travis;Jelani;Price;P.O. Box 377, 1817 Orci St.;(654) 431-5991
20;119;Hodge;Kirsten;Sawyer;P.O. Box 348, 7270 Porttitor Rd.;(242) 825-4756
21;120;Kline;Chandler;Irma;Ap #798-8344 Luctus. Street;(795) 946-8457
22;121;Terry;Brody;Lucian;Ap #609-5993 Proin Street;(614) 897-7367
23;122;Schwartz;Winifred;Cherokee;912-6801 Erat. Street;(142) 843-8480
24;123;Santos;Jaden;Basil;514-8548 Eu, Street;(181) 771-4268
25;124;Beach;Ferdinand;Hope;332-3521 Ac Road;(494) 777-9678
26;125;Mcgee;Kyra;Sybill;Ap #852-6904 Convallis Ave;(285) 268-9995
27;126;Grant;Kibo;Abra;Ap #739-3654 Lacus. Av.;(207) 497-3556
28;127;Morales;Keefe;Ferdinand;Ap #279-226 Pharetra. St.;1-793-351-5282
29;128;Chandler;Avram;Vera;Ap #284-9049 Nulla Ave;1-337-430-1485
30;129;Hunter;Natalie;Ina;839-3123 Donec St.;1-411-525-3318
31;130;Roman;John;Ori;108 Amet, Avenue;(561) 237-7484
32;131;Johnston;Macaulay;Lawrence;Ap #672-4938 Ligula. Rd.;(423) 257-4312
33;132;Parsons;Nyssa;Lionel;P.O. Box 624, 4260 Luctus Rd.;(587) 182-7216
34;133;Berger;Griffin;Daquan;P.O. Box 434, 9121 Turpis Ave;1-545-831-7375
35;134;Kerr;Rooney;Cooper;942-7311 Curabitur St.;(438) 339-6491
36;135;Wynn;Yeo;Kadeem;506-8224 Sodales Rd.;1-515-215-6587
37;136;Pena;Yetta;Aidan;107-9663 Commodo Rd.;(310) 212-3150
38;137;Young;Yvette;Nicole;675-6569 Adipiscing St.;(846) 895-4335
39;138;Mason;Kirsten;Gloria;599-1499 Ut Road;1-568-562-8497
40;139;Dominguez;Britanney;Venus;Ap #304-4960 Duis St.;(298) 361-6522
41;140;Anthony;Maris;Quynn;7158 Mi Road;1-676-322-6631
42;141;Hewitt;Skyler;Thaddeus;7998 Egestas St.;(443) 549-2681
43;142;Haynes;Gray;Gannon;856-1614 Sollicitudin Rd.;1-553-247-0771
44;143;Lyons;Darius;Orlando;Ap #884-1182 Lorem Avenue;1-371-449-2711
45;144;Buckner;Carissa;Stuart;752-8416 Vulputate, St.;(318) 543-4876
46;145;Ortega;Ashton;Aline;P.O. Box 726, 5531 Cursus Rd.;(218) 997-9828
47;146;Shepherd;Jade;Lois;Ap #739-4560 Euismod Street;1-775-673-7373
48;147;James;Nomlanga;Stephanie;Ap #312-3795 Consequat, Rd.;1-374-614-0761
49;148;Mclean;Holmes;Lesley;Ap #605-8075 Cursus. Rd.;(131) 877-7813
50;149;Franks;Darryl;Fletcher;3017 Fringilla Street;1-463-810-0504
51;150;Bentley;Sacha;Graham;P.O. Box 154, 9481 Pretium Av.;(669) 602-3741
52;151;Crane;Katell;Jael;P.O. Box 482, 6260 Quis St.;1-744-844-8291
53;152;Reyes;Venus;Miranda;Ap #732-9022 Porttitor Av.;(531) 472-8925
54;153;Travis;Kareem;Kennedy;716 Odio, Rd.;(248) 936-4482
55;154;Cox;Shea;Phoebe;Ap #304-605 Suspendisse St.;1-846-610-2246
56;155;Delgado;Libby;Morgan;486-1633 Egestas. St.;(379) 367-4015
57;156;Albert;Lesley;Isadora;Ap #261-6997 Donec Rd.;(293) 873-8055
58;157;Avila;Lance;Kelsie;536-7311 Magna. Rd.;(934) 362-3553
59;158;Parsons;Karly;TaShya;929-3693 Et, Rd.;(753) 254-1460
60;159;Snow;Whitney;Isadora;Ap #498-2369 Neque. Av.;1-761-177-1675
61;160;Branch;Fleur;Justine;Ap #574-1346 Mauris Ave;1-431-734-3823
62;161;Buck;Elizabeth;Elvis;193 Orci Ave;(565) 778-5159
63;162;Hensley;Bert;Nerea;746-1175 Elit St.;1-911-615-6535
64;163;Gilmore;Rhonda;Amir;299-4641 Imperdiet Ave;1-210-245-1298
65;164;Velazquez;Baker;Kameko;Ap #138-6853 Placerat. Avenue;1-820-162-7548
66;165;Ramsey;Blythe;Bevis;997-7925 Eu, St.;(437) 319-5181
67;166;Montgomery;Wesley;Lilah;P.O. Box 101, 2266 Condimentum. Av.;(895) 661-8752
68;167;Buck;Nell;Wyoming;P.O. Box 713, 8367 Montes, St.;(727) 364-9602
69;168;Villarreal;Audrey;Briar;P.O. Box 994, 5302 Placerat Road;(572) 485-8584
70;169;Anthony;Daryl;Eliana;Ap #125-1347 Lectus Av.;(205) 489-1648
71;170;Freeman;Jerry;Ursa;Ap #410-7847 Proin St.;1-514-511-7577
72;171;Campbell;Macy;Alika;383-9936 Augue St.;1-311-876-5441
73;172;Gamble;Maya;Dalton;8789 Ultrices Rd.;1-145-313-1734
74;173;Byrd;Perry;Belle;Ap #864-4922 Augue. Rd.;(758) 667-7154
75;174;Branch;Lillith;Ulysses;Ap #607-9409 Nam Street;(233) 680-0512
76;175;Conley;Thane;Jemima;471-6260 Lectus. St.;1-813-386-4537
77;176;Hutchinson;Dale;Zeph;Ap #165-1574 Torquent Road;(748) 433-9708
78;177;Lambert;Paki;Patricia;186-1413 Enim. Rd.;(757) 780-2085
79;178;Fuller;Lila;Reese;453 Gravida Avenue;1-526-448-1112
80;179;Nash;Winifred;Fatima;P.O. Box 532, 5321 Feugiat Av.;(578) 453-6108
81;180;Beasley;Kato;Theodore;Ap #875-6707 Ut, St.;(287) 726-5766
82;181;Golden;Perry;Darius;Ap #334-2604 Tincidunt Av.;1-217-840-6490
83;182;Chang;Callum;Chandler;818-494 Non, Av.;(376) 790-7766
84;183;Roberts;Laith;Nayda;538-9691 Dictum Ave;1-767-804-4326
85;184;Blevins;Nita;Uriah;320-4684 Et Street;1-372-761-8045
86;185;Sweeney;Edward;Donna;Ap #931-2725 Nascetur St.;1-463-539-0668
87;186;Hutchinson;Xandra;Claudia;6438 Varius. Rd.;1-754-138-2375
88;187;Maynard;Karyn;Grant;566-6065 Et Street;1-677-497-0015
89;188;Sweeney;Neil;Rigel;2987 Lorem Av.;1-740-676-1758
90;189;Estes;Ralph;Kevin;Ap #268-2360 Eget, Avenue;1-623-336-3631
91;190;Holden;Timothy;Karina;5377 Amet, Avenue;(618) 608-2881
92;191;Prince;Beck;Shannon;539-5279 Dapibus Rd.;(668) 282-4577
93;192;Tate;Wallace;Reese;120-650 Duis St.;(665) 223-3926
94;193;Clay;Felix;Molly;4931 Nec, Street;(641) 382-1149
95;194;Anderson;Maile;Jeremy;304-1992 Lorem Ave;(532) 758-2184
96;195;Woodward;Evan;Susan;Ap #486-4343 Ultrices Rd.;(144) 444-4145
97;196;Carrillo;Karen;Ori;3324 Sagittis Rd.;(144) 389-7371
98;197;Baird;Christian;Palmer;8589 Vitae, St.;1-746-452-7685
99;198;Colon;Jermaine;Cathleen;Ap #552-4345 Ipsum. Rd.;(377) 612-1699
100;199;Delacruz;Slade;Tana;378-1699 Nam Street;1-620-552-7244
101;200;Spence;Zachary;Ann;6804 Penatibus Rd.;1-223-617-5488
102;201;Hines;Hiram;Dexter;P.O. Box 562, 9667 Ipsum. Ave;(380) 586-6472
103;202;Carson;Kalia;Dennis;Ap #416-1873 Eu St.;1-161-338-4643
104;203;Lynch;Josiah;Geoffrey;Ap #379-1272 Lorem St.;1-255-722-6253
105;204;Ross;Zahir;Grant;Ap #716-936 Convallis St.;(322) 713-4523
106;205;Atkins;Florence;Hyatt;Ap #815-9331 Gravida Rd.;1-286-327-8743
107;206;Morin;Ray;Fuller;3525 Et Street;(243) 530-5155
108;207;Hendrix;Fiona;Rose;Ap #325-5515 Eu Street;(857) 677-4056
109;208;Reed;Aurora;Lawrence;128-9886 Quam. Av.;1-473-443-4348
110;209;Golden;Ezekiel;Willa;Ap #379-4354 Amet Rd.;1-846-786-6464
111;210;Paul;Carson;Celeste;Ap #813-2992 A St.;1-787-931-3957
112;211;Carver;Tara;Riley;P.O. Box 702, 2140 Lacinia. Av.;1-563-262-1884
113;212;Peterson;Chandler;Brenda;Ap #664-6142 Tempor Rd.;1-358-598-7443
114;213;Cook;Dora;Knox;P.O. Box 935, 5230 Fames Av.;1-901-676-8079
115;214;Velazquez;Elliott;Dean;Ap #337-2183 Ac Street;1-170-849-1481
116;215;Booker;Portia;Magee;Ap #844-2291 Vestibulum. Av.;(557) 371-2487
117;216;Buchanan;Kylynn;Kirsten;Ap #462-163 Ante Ave;(633) 194-9713
118;217;Mooney;Valentine;Philip;7243 Turpis. Avenue;1-897-211-6636
119;218;Watkins;Barry;Finn;560-4674 Faucibus Road;1-275-443-5182
120;219;Gonzales;Baxter;Macaulay;Ap #925-7158 Ultricies St.;(723) 502-9035
121;220;Brown;Wesley;Kyle;864-8452 Porttitor Rd.;(584) 225-0563
122;221;Mcdowell;Carlos;Graham;3204 Congue. St.;(219) 388-4431
123;222;Daniels;Charde;Keely;138-7859 Vulputate Avenue;(761) 567-4887
124;223;Sandoval;Callie;Kato;Ap #944-7569 Fringilla Road;(306) 436-7650
125;224;Edwards;Blaze;Shay;Ap #209-1144 Neque. St.;(486) 559-5664
126;225;Velazquez;Ezra;Kevyn;4703 Ante Rd.;1-535-691-0322
127;226;Olson;Malcolm;Candace;Ap #150-1419 Ut Street;(573) 824-7028
128;227;Mcleod;Sandra;Erich;Ap #326-8844 Et St.;(622) 481-9755
129;228;Bailey;Raymond;Theodore;615-7521 Cum Road;(833) 834-3311
130;229;Hendricks;Felix;Forrest;P.O. Box 811, 8670 Semper. Av.;1-118-298-4137
131;230;Moon;Alea;Adrian;Ap #603-1524 Blandit Av.;1-552-605-9886
132;231;Talley;Reece;Kylie;8235 Urna, St.;(336) 453-7589
133;232;Riley;Chaim;Ashely;9145 Sem, Av.;(813) 215-2035
134;233;Chavez;Seth;Alfonso;Ap #344-7291 In Av.;(672) 227-4322
135;234;Elliott;Nissim;Ishmael;Ap #505-6366 Vitae Avenue;1-540-599-8864
136;235;Shelton;Ainsley;Pamela;9891 Vitae, Av.;1-870-286-4573
137;236;Montgomery;Ray;Barrett;400 Molestie Ave;1-906-148-1436
138;237;Medina;Kevin;Paki;4358 Scelerisque Av.;(533) 696-6892
139;238;Crane;Kamal;Geoffrey;Ap #404-664 Interdum. Road;(145) 727-8325
140;239;Cortez;Regina;Isadora;400-8255 Cursus Rd.;(431) 311-5123
141;240;Summers;Reece;Nadine;Ap #591-7652 Dolor. Road;1-285-747-4877
142;241;Kennedy;Sandra;Ivana;464-8285 Enim Av.;(623) 653-9211
143;242;Mcfarland;Nadine;Reed;Ap #894-425 Metus. Ave;1-652-752-9560
144;243;Rollins;Peter;Daniel;Ap #296-2548 Scelerisque, Street;1-753-573-6611
145;244;Meyers;William;Rashad;P.O. Box 953, 2912 Mi St.;(632) 825-6029
146;245;Osborn;Yoshio;Ira;P.O. Box 909, 6816 Dolor Ave;1-804-883-7848
147;246;Caldwell;Evan;Dora;Ap #822-4976 Lacus St.;(491) 396-1250
148;247;Barrett;Brendan;Florence;246-357 Erat. Ave;(464) 939-1084
149;248;Everett;Hedda;Jayme;6746 Augue St.;(815) 235-3056
150;249;Burke;Teagan;Wanda;Ap #223-4746 Posuere, Av.;1-515-435-7627
151;250;Ingram;Riley;Howard;Ap #942-8101 Ut Rd.;1-767-862-4704
152;251;Banks;Paloma;Iliana;Ap #919-4041 Phasellus Rd.;1-445-889-2782
153;252;Trujillo;Kareem;Cooper;989-988 Ac St.;(446) 479-6134
154;253;Marshall;Leroy;Otto;Ap #211-2045 Varius Rd.;1-247-709-2545
155;254;Garner;September;Anne;P.O. Box 567, 8844 Natoque Rd.;(347) 219-0730
156;255;Petersen;Jameson;Wendy;433-2598 Et Street;(350) 695-4491
157;256;Pitts;Acton;Harriet;175-3628 Nulla. Road;1-181-382-3111
158;257;Foreman;Ferdinand;David;4234 Duis Avenue;(915) 405-6927
159;258;Compton;Ian;Liberty;7496 Vivamus Rd.;(517) 460-7635
160;259;Cherry;Lani;Luke;Ap #527-4079 Sed Road;1-348-232-6213
161;260;Rhodes;Sheila;Buckminster;5658 Sagittis Rd.;(282) 822-4233
162;261;Abbott;Zeus;Indira;644-1001 Sagittis. St.;(555) 933-0136
163;262;Schultz;Eugenia;Nola;P.O. Box 635, 3274 Eu Road;1-787-693-8922
164;263;Haynes;Chiquita;Barry;472-5435 Ac St.;(455) 367-6486
165;264;Bishop;Carl;Candace;855-468 Iaculis Street;1-253-126-0868
166;265;Hurst;Justina;Ciara;P.O. Box 714, 4632 Senectus Ave;(739) 380-6026
167;266;Adams;Kenyon;Connor;4324 Volutpat. Av.;(538) 344-3951
168;267;Hubbard;Thor;Lawrence;9136 Magnis Rd.;1-477-732-2514
169;268;Bradshaw;Adrian;Miriam;878-7167 Ornare St.;1-717-351-5797
170;269;Hebert;Troy;Nerea;897-7807 Risus. Rd.;(512) 682-8865
171;270;Malone;Bevis;Graham;859-4099 Lectus Avenue;(279) 856-1786
172;271;Galloway;Jason;Igor;193-7745 Aliquam Av.;1-358-507-6768
173;272;Blake;Addison;Hayes;601-4189 Velit Rd.;1-684-417-1865
174;273;Gates;Hermione;Quemby;5167 Egestas Rd.;(941) 222-2171
175;274;Diaz;Mannix;Cathleen;952-5550 Maecenas St.;(867) 305-9251
176;275;Waller;Victoria;Lester;P.O. Box 627, 9970 Lectus Av.;(895) 822-0685
177;276;Hickman;Clark;Gay;Ap #935-4035 A Av.;(470) 781-4035
178;277;Swanson;Marsden;Candice;515-1582 Dolor. Street;(225) 289-8167
179;278;Erickson;Whitney;Hilary;P.O. Box 457, 3176 Curae Ave;(108) 675-1262
180;279;Palmer;Jeremy;Jamal;Ap #524-2588 Purus. Road;(710) 538-3497
181;280;Acevedo;Jarrod;Althea;4852 Luctus Rd.;(780) 840-3623
182;281;Dillon;Luke;Sopoline;670-7832 Vivamus Av.;(418) 836-9586
183;282;Rollins;Chiquita;Porter;P.O. Box 152, 1429 Pede. Ave;1-171-254-4165
184;283;Cotton;Scarlett;Cameron;3035 Donec Street;1-632-168-2534
185;284;Webster;McKenzie;Nash;Ap #164-6938 Luctus, Rd.;1-655-214-4689
186;285;Shepard;Ferdinand;Clio;P.O. Box 902, 9878 Lacinia Rd.;1-436-664-8445
187;286;Wolf;Bruce;Marshall;347-1310 Faucibus Road;1-175-786-7538
188;287;Bruce;Kennedy;Simone;732-6375 Vel, Rd.;1-675-243-7535
189;288;Valdez;Hammett;Noah;Ap #954-1758 Enim, Av.;1-324-310-3745
190;289;Leblanc;Karina;Bethany;589-9373 Placerat Ave;1-156-545-6616
191;290;Anderson;Carissa;Ira;Ap #592-5363 Diam St.;1-365-256-5612
192;291;Mcmillan;Solomon;Tashya;Ap #470-9327 Ullamcorper Street;1-730-800-5728
193;292;Bryant;Malcolm;Pearl;763-3637 Porta Av.;1-458-455-2371
194;293;Baird;Sharon;Latifah;Ap #327-2402 Nec Rd.;1-328-412-5433
195;294;Puckett;Eleanor;Uriah;Ap #499-7180 Risus. Avenue;(577) 692-9625
196;295;Macias;Kimberley;John;9259 Odio Avenue;1-286-411-6023
197;296;Luna;Zenaida;Ainsley;P.O. Box 956, 9084 Taciti St.;1-654-260-7701
198;297;Griffin;Sawyer;Uta;P.O. Box 693, 8175 Dui. Ave;(783) 298-1276
199;298;Hensley;Garrison;Lars;448-7574 Nunc Av.;(347) 811-8474
200;299;Kidd;Fallon;Leila;5012 Cras St.;(348) 264-6516
201;300;O'Neill;Nissim;Fitzgerald;313 Lorem Street;(452) 844-4023
202;301;Fernandez;Camille;Camden;Ap #587-9006 Ut Rd.;1-467-485-4331
203;302;Merrill;Alana;Baxter;3147 Luctus Rd.;1-157-884-6994
204;303;Hinton;Jakeem;Iliana;P.O. Box 399, 1720 Nec, Av.;1-907-126-4977
205;304;Weiss;Sharon;Chadwick;913-5003 Ipsum Rd.;1-541-382-5822
206;305;Thompson;Unity;Amber;298-3347 Morbi Road;(859) 472-8690
207;306;Warner;Aristotle;Hop;Ap #460-7139 Diam Ave;(692) 250-4109
208;307;Daugherty;Skyler;Isaac;964-8500 Dolor Rd.;1-646-263-5001
209;308;George;Dale;Adria;P.O. Box 720, 3092 Suscipit Ave;(904) 981-2268
210;309;Townsend;Malik;Jin;P.O. Box 949, 4475 Nisi Road;(514) 264-7495
211;310;Pate;Oliver;Odessa;377-1151 Neque. Road;(225) 286-3087
212;311;Campos;Sean;Joshua;Ap #202-9336 Mauris, Road;(583) 777-7260
213;312;Reese;Laurel;Nichole;Ap #123-4747 Duis Avenue;(551) 758-3371
214;313;Mcgowan;Brynn;Melinda;196-4418 Dictum Avenue;(682) 719-9103
215;314;Griffith;Dorothy;Flavia;2389 Vivamus St.;(349) 128-9413
216;315;Best;Kennedy;Cheryl;Ap #605-2855 Eu Rd.;(852) 531-1828
217;316;Sexton;Nash;Kadeem;P.O. Box 201, 7510 Consequat Avenue;(603) 851-7354
218;317;Ryan;Galvin;Quentin;Ap #571-9643 Lorem Avenue;(271) 904-4571
219;318;Bentley;Roanna;Nero;Ap #577-5252 Natoque Rd.;1-597-911-6740
220;319;Anderson;Dominic;Ann;2724 Ut Street;1-451-874-1854
221;320;Marsh;Hayley;Omar;Ap #800-7759 Pede. Road;1-321-511-8172
222;321;Myers;Cecilia;Vance;P.O. Box 359, 4496 Non, Street;(668) 321-8391
223;322;Finch;Margaret;Mari;P.O. Box 148, 7144 Consequat Rd.;1-333-718-5313
224;323;Gentry;Dominique;Benedict;Ap #673-7744 Aliquet Avenue;1-635-146-3837
225;324;Randall;Amir;Sandra;Ap #240-2884 Nulla Av.;(882) 286-3452
226;325;Cohen;Chaney;Palmer;704-9277 Sociosqu St.;1-976-551-8874
227;326;Carroll;Ira;Aphrodite;212 Ridiculus Rd.;1-766-737-7916
228;327;Roth;Jerome;Garth;P.O. Box 288, 9216 Ligula. Rd.;(273) 988-4709
229;328;Anderson;Brynn;MacKenzie;132-8728 Suspendisse Avenue;(374) 440-5197
230;329;Chavez;Tallulah;Ria;Ap #946-3102 Vivamus Rd.;(586) 494-9520
231;330;Harrell;Kato;Jonah;Ap #534-5000 Phasellus Avenue;(684) 901-3505
232;331;Collins;Timon;Andrew;Ap #468-2530 Sed Rd.;1-235-592-4340
233;332;Cochran;Caleb;Cullen;993-4193 Purus Ave;1-523-589-7518
234;333;Stanley;Jelani;Claire;233-2940 Suspendisse Rd.;(395) 546-2546
235;334;Guerra;Kieran;Harrison;Ap #170-5456 Fermentum St.;1-632-188-2771
236;335;Mann;Bree;Arden;Ap #160-6976 Neque. Road;(413) 419-1134
237;336;Russell;Tamara;Aimee;P.O. Box 936, 4728 Cubilia Rd.;1-812-534-1718
238;337;Burks;Maya;Rafael;962-5383 Sed Rd.;1-291-968-1175
239;338;Goodman;Jenna;Daquan;542-661 Ultricies Rd.;(259) 143-8562
240;339;Montoya;Nolan;Marcia;822-4962 Dui St.;1-268-617-4257
241;340;Beard;Reagan;Demetria;P.O. Box 632, 5593 Mauris St.;1-654-579-0700
242;341;Henson;Camille;Kieran;322-443 Erat Rd.;1-675-813-7454
243;342;Butler;Sara;Mallory;457-8673 Aliquet St.;1-474-416-7841
244;343;Fry;Maggy;Caleb;P.O. Box 833, 317 Amet Rd.;(380) 848-4401
245;344;Fletcher;Dean;Todd;Ap #449-9106 Imperdiet, Ave;1-777-250-6654
246;345;Cash;Cleo;Zeus;162-1368 Hendrerit St.;(213) 107-7452
247;346;Gilmore;Aquila;Beverly;Ap #715-6716 Massa. St.;(241) 496-2127
248;347;Nunez;Lucy;Daniel;888-220 Elit, Rd.;1-158-214-5392
249;348;Gardner;Helen;Alma;Ap #240-317 Id Rd.;(936) 441-4418
250;349;Potter;Lamar;Ishmael;8560 Consectetuer Ave;1-718-658-1856
251;350;Silva;Rogan;Yoshi;Ap #958-4311 Nunc Rd.;1-787-745-3595
252;351;Hill;Mona;Roth;P.O. Box 498, 4304 Quis St.;(856) 655-2413
253;352;Chandler;Armando;Stella;422-4423 Egestas. Av.;(968) 577-1349
254;353;Simmons;Garrett;Miriam;845-6110 At Rd.;(220) 878-2845
255;354;Pollard;Oliver;Desiree;Ap #509-8695 Sodales Ave;(817) 750-7336
256;355;Goff;Montana;Kuame;868-6732 In, Avenue;1-374-447-0113
257;356;Justice;Kevyn;Lamar;7307 Mi St.;1-776-283-9452
258;357;Flowers;August;Ingrid;P.O. Box 204, 1302 Sapien. St.;(933) 235-6606
259;358;Sims;Gary;George;Ap #158-3632 Nibh St.;1-395-667-4085
260;359;Moody;Travis;Tatiana;P.O. Box 607, 9001 Fermentum St.;(457) 923-0841
261;360;Farley;Amity;Hiram;P.O. Box 370, 4955 Rhoncus. Rd.;1-148-319-9771
262;361;Johnston;Kitra;Moses;Ap #629-6849 Molestie St.;(409) 455-2634
263;362;Yates;Sandra;Pandora;P.O. Box 934, 2227 Arcu. Av.;(942) 838-1574
264;363;Short;Quon;Karleigh;8889 Aenean St.;1-397-223-2683
265;364;Hardin;Kiayada;Rashad;248-531 Eu St.;(386) 475-9461
266;365;Shepard;Justina;Felix;Ap #740-999 Suspendisse St.;(939) 283-6431
267;366;Mclean;Burke;Jaden;966-2039 Mauris Avenue;(337) 746-5325
268;367;Hancock;Bianca;Madaline;849-937 Maecenas St.;1-874-311-5587
269;368;Carter;Camille;Gisela;192-6078 Vitae, St.;(125) 714-4127
270;369;Dickerson;Lewis;Dara;232-3689 A Av.;(235) 707-2811
271;370;Strong;Eagan;Yael;6552 Augue Av.;(186) 685-3272
272;371;George;Desiree;Aileen;Ap #396-117 Diam Road;(650) 456-7747
273;372;Curry;Rahim;Medge;Ap #340-2570 Dictum St.;(361) 174-2639
274;373;Shepard;Silas;Elizabeth;107-444 Nulla Rd.;1-228-587-1518
275;374;Hurst;Sean;Allen;Ap #420-9303 Dolor St.;(240) 364-1710
276;375;Greer;Mollie;Geoffrey;Ap #224-2854 In Street;1-959-354-1843
277;376;Wade;Lester;Ethan;536-4433 Enim, St.;1-623-483-4355
278;377;Turner;Emi;Cody;1696 Libero. Ave;(241) 648-7447
279;378;Weiss;Blythe;Benedict;Ap #108-8995 Nunc Av.;(863) 244-7881
280;379;Nguyen;Leonard;Tatum;7484 Vitae Ave;1-681-132-7807
281;380;Benjamin;Lane;Mufutau;P.O. Box 511, 7786 Nunc St.;(786) 781-7452
282;381;Waters;Wendy;Nadine;Ap #771-8742 Eget Av.;1-512-685-6397
283;382;Figueroa;Brooke;Alexander;P.O. Box 906, 1500 Aliquam Rd.;(435) 724-1986
284;383;Allison;Quon;Reed;Ap #370-9260 Egestas Av.;(774) 770-6915
285;384;Baird;Burton;Jackson;943 Duis Street;1-354-868-6431
286;385;Burch;Christen;Louis;Ap #322-7189 Risus, Street;1-127-549-5392
287;386;Walters;Hakeem;Colorado;Ap #869-7429 Est Road;1-682-754-2061
288;387;Velasquez;Kylee;Richard;Ap #633-5385 Ligula. Ave;(741) 166-7778
289;388;Mclaughlin;Ezra;Flavia;Ap #973-8488 Eget St.;1-561-638-7271
290;389;Valenzuela;Victor;Murphy;1638 Mauris Street;(925) 469-5169
291;390;Crosby;Quentin;Perry;Ap #647-4116 Risus Rd.;(851) 819-0335
292;391;Bailey;Tobias;Alfreda;9626 Dolor. Road;1-312-123-7154
293;392;Sharp;Karleigh;Wynter;568 Eget St.;(595) 575-5416
294;393;Barker;Silas;Colby;165-926 Curabitur Ave;(629) 762-7776
295;394;White;Carlos;Finn;5965 Ac Street;1-566-431-2245
296;395;Hopkins;Fuller;Quyn;Ap #135-4918 A Avenue;(458) 943-8813
297;396;Bridges;Francis;Janna;7645 Donec Street;1-856-232-0355
298;397;Graves;Aretha;Amber;P.O. Box 951, 2562 Purus Av.;1-615-324-1891
299;398;Mckenzie;McKenzie;Amal;908-4607 Est Rd.;1-583-566-8625
300;399;Holcomb;Jackson;Deirdre;400-3948 Velit St.;(374) 226-2467
301;400;Kennedy;Xander;Ramona;P.O. Box 353, 9515 Molestie St.;(758) 841-2213
302;401;Glass;Graham;Walter;Ap #760-5918 Euismod St.;(779) 823-1486
303;402;Chavez;Ainsley;Lillith;P.O. Box 777, 6193 Turpis. Rd.;(350) 371-3368
304;403;Schwartz;Mariam;Brian;514-2681 Nam Avenue;1-623-413-2446
305;404;Cannon;Joelle;Alan;P.O. Box 879, 6311 Vitae Road;(154) 246-9588
306;405;Mills;Flynn;Zena;P.O. Box 737, 3451 Id, Street;1-483-591-5093
307;406;Fry;Lavinia;Warren;P.O. Box 940, 4089 Vivamus Road;1-758-621-2405
308;407;Bond;Allegra;Odysseus;196-320 Phasellus Avenue;1-419-237-6869
309;408;Garcia;Raja;Charles;425-2625 Dolor. Avenue;(864) 797-0305
310;409;Glenn;Daquan;Wayne;P.O. Box 570, 941 Nec Rd.;(763) 534-3435
311;410;Ballard;Gil;Dana;250-2475 Nascetur Rd.;(773) 631-1332
312;411;Irwin;Neil;Vance;5135 Libero. Street;(712) 645-1241
313;412;Cain;Ezekiel;Coby;206-9329 Tortor. St.;(876) 395-4542
314;413;Rivers;Jamalia;Bertha;Ap #476-4011 Diam. Street;(226) 455-2647
315;414;Mooney;Indira;Fulton;932-5276 Mauris, Road;(367) 566-5054
316;415;Rollins;Hop;Darius;Ap #370-4083 Dapibus Road;1-551-332-1153
317;416;Glover;Ulysses;Illana;Ap #273-9360 Etiam Rd.;(353) 417-3380
318;417;Cantu;Grace;Tasha;Ap #682-1685 Velit St.;1-274-618-1409
319;418;Sullivan;Damian;Zeph;945-4309 Lacus. Avenue;1-721-282-0277
320;419;Chandler;Ray;Patricia;8016 Non, Ave;1-227-513-4954
321;420;Compton;Richard;Sasha;Ap #902-6590 Congue Road;(981) 843-3608
322;421;Franklin;Alma;Lewis;Ap #687-9397 Ultricies St.;1-639-564-3243
323;422;Edwards;Shelley;Aphrodite;642-4986 Volutpat Street;(850) 154-3792
324;423;Booth;Cathleen;Troy;Ap #523-1456 Dolor. Ave;(720) 873-0108
325;424;Cortez;Grant;Walter;P.O. Box 614, 8373 Sed Av.;1-713-844-0333
326;425;Nixon;Erasmus;Scarlett;3133 Ultrices Rd.;1-263-438-3620
327;426;Golden;Kylie;Trevor;166-7477 Sapien. Av.;1-953-768-8380
328;427;Hardin;Denton;Kevyn;P.O. Box 148, 1057 Neque. Avenue;(865) 320-7263
329;428;Petty;Amy;Zachary;Ap #942-134 Aliquam St.;(214) 248-4275
330;429;Burris;Paula;Honorato;119-3756 Auctor. Street;(830) 444-7018
331;430;Mccullough;Kelly;Damian;Ap #583-9199 Fringilla Street;1-946-471-6828
332;431;Reid;Herrod;Lilah;2797 Dapibus Rd.;(688) 467-8120
333;432;Fleming;Lane;Nash;547-259 Sagittis Street;(478) 239-5824
334;433;Miranda;Brenden;Kasimir;Ap #335-7246 Tincidunt, Ave;(587) 288-7963
335;434;Holland;Audrey;Halla;7375 Bibendum Av.;(753) 658-9253
336;435;Davidson;Jin;Eaton;2355 Vitae Rd.;(413) 451-3788
337;436;Figueroa;Ferdinand;Cassady;4857 Mauris Rd.;1-936-847-6585
338;437;Nunez;Blake;Quemby;6810 Nam St.;1-568-731-2881
339;438;Snow;Leroy;Christen;5484 Sem St.;(172) 986-0268
340;439;Barnett;Jillian;Nigel;442-6575 Vestibulum St.;(732) 326-3211
341;440;Massey;Murphy;Avram;Ap #692-7162 Enim, Avenue;(657) 153-4177
342;441;Vance;Kenneth;Dai;9275 Commodo Rd.;(375) 812-9225
343;442;Kirby;Halla;Lester;334-6431 Neque Rd.;(449) 214-6384
344;443;Fuller;Jameson;Quemby;P.O. Box 609, 4678 Donec Avenue;1-812-210-5027
345;444;Salinas;Kirby;Idola;223-6578 In Rd.;1-567-723-9168
346;445;Graham;Felicia;Ava;Ap #925-9215 Neque St.;(534) 201-3038
347;446;Fowler;Naomi;Jada;Ap #552-3332 Sed St.;1-980-655-3368
348;447;Hampton;Miriam;Odette;5301 Donec Av.;1-176-269-2103
349;448;Barnes;Lysandra;Iris;2344 Phasellus Avenue;(671) 412-4712
350;449;Ware;Scott;Amaya;378-7562 Penatibus Ave;(719) 958-7292
351;450;Melton;Nyssa;Candace;Ap #365-2613 Posuere Street;1-711-152-8388
352;451;Nielsen;Armand;Lilah;605-8484 Dictum St.;(861) 517-1499
353;452;Dodson;Kelly;Penelope;9256 Tempus Rd.;1-224-485-9563
354;453;Grant;Kirsten;Lawrence;Ap #550-3789 Dictum Street;(723) 728-0209
355;454;Beasley;Erich;Xavier;507-3292 Dui Road;1-248-845-6474
356;455;Cantu;Julian;Beatrice;P.O. Box 441, 8760 Iaculis Avenue;(681) 962-9464
357;456;Norman;Pascale;Basia;998-8122 Donec Road;(215) 282-3813
358;457;Guzman;Vernon;Rebecca;6072 Aliquet Rd.;(835) 373-2287
359;458;Valdez;Illiana;Tucker;Ap #165-7621 Libero Ave;1-361-888-5280
360;459;Estes;Reese;Jerome;106-2509 Eleifend St.;1-758-219-2783
361;460;James;Clark;Finn;Ap #596-3677 Elit. Road;(522) 210-6764
362;461;Arnold;Merrill;Patrick;681-5094 Vivamus St.;(493) 473-4719
363;462;Craig;Ferdinand;Destiny;P.O. Box 376, 138 Vulputate St.;(516) 613-7458
364;463;Schultz;TaShya;Daniel;Ap #381-4409 Nullam Road;(698) 538-9471
365;464;Briggs;Cooper;May;Ap #858-3016 Nec St.;(235) 279-2248
366;465;Kaufman;Merritt;Cedric;Ap #978-2668 Proin St.;1-853-412-2918
367;466;Valenzuela;Myles;Uma;966-3290 Egestas. Av.;1-945-374-4249
368;467;Rodriguez;Serena;Allistair;Ap #332-5925 Est. Road;1-774-566-5178
369;468;Parker;Wallace;Zenia;P.O. Box 438, 4559 Urna Rd.;(506) 807-9970
370;469;Kirkland;Aileen;Jolene;Ap #901-1295 Commodo Ave;1-479-238-5181
371;470;Pope;Ifeoma;Raja;P.O. Box 873, 9625 Amet Road;(718) 801-1190
372;471;Collins;Urielle;Barbara;Ap #881-1493 A St.;(266) 800-8136
373;472;Richmond;Mason;Rinah;911-9550 Est, Avenue;1-416-132-7381
374;473;Pate;Bradley;Lance;788-208 Sed Road;1-938-226-5784
375;474;Bell;Dai;Ainsley;340-6766 Justo Street;(971) 739-8895
376;475;Myers;Eleanor;Candice;858-130 Auctor Ave;1-756-198-7264
377;476;Mays;Yasir;Lucy;Ap #108-1016 Nunc Rd.;(383) 682-8374
378;477;Horne;Shana;Nita;Ap #655-7722 Eu Avenue;1-339-918-8117
379;478;Mathews;Ima;Kennedy;Ap #500-1387 Lacinia St.;(686) 381-1752
380;479;Bowman;Erica;Yoko;7657 Metus. Avenue;(787) 855-4618
381;480;Barron;Colorado;Adrienne;Ap #492-8787 Sit Rd.;1-762-236-5313
382;481;Walker;Odette;Igor;358-9416 Et, Av.;1-314-347-7935
383;482;Goodman;Lucas;Kareem;963-6343 In Ave;(507) 677-1213
384;483;Wilkinson;Nasim;Gloria;Ap #636-142 Hymenaeos. Ave;(276) 678-2242
385;484;Galloway;Scarlet;Chancellor;Ap #383-9543 Proin Street;(567) 366-5034
386;485;Navarro;Beau;Cassandra;P.O. Box 808, 7656 Odio St.;(749) 272-2629
387;486;Mullen;Tamekah;Dara;263-5394 Interdum Street;(814) 279-1438
388;487;Holland;Justine;Clark;315-6463 Ipsum. St.;1-593-828-6521
389;488;Moses;Henry;Patience;P.O. Box 757, 4707 Ut Avenue;(873) 552-3154
390;489;Simmons;Carolyn;Jena;840-6310 Orci St.;1-468-365-3414
391;490;Burns;Julian;Brendan;8522 Mauris. Rd.;(747) 355-5264
392;491;Mitchell;Jordan;Tobias;P.O. Box 305, 8469 Nunc St.;(546) 268-8844
393;492;Mcpherson;Felix;Conan;Ap #618-5849 Vulputate, Street;(598) 396-0484
394;493;Valenzuela;Montana;Cheyenne;291-7568 Nullam Rd.;(200) 476-8141
395;494;Sawyer;Yvonne;Merrill;Ap #548-5066 Erat, Rd.;(977) 753-4115
396;495;Edwards;Kalia;Isaiah;722-7057 Vel Avenue;(682) 377-5187
397;496;Bernard;Isaiah;Geoffrey;5243 Consequat Ave;(573) 651-9775
398;497;Campbell;Nola;Keegan;262-8230 Sapien St.;(486) 333-1210
399;498;Sexton;Brian;Vincent;Ap #264-295 Est, St.;1-906-254-4787
400;499;Skinner;Howard;Indigo;110-7100 Donec Ave;(584) 862-2362
401;500;Carver;Howard;Raya;Ap #504-8653 Et, Road;1-431-475-6347
402;501;Bush;Ivana;Emerald;P.O. Box 393, 1319 Quam Street;1-614-344-2400
403;502;Horton;Kimberly;Reece;9459 Hendrerit Avenue;1-771-974-5711
404;503;Underwood;Patricia;Hollee;123-5260 Diam. Road;1-436-672-7350
405;504;Kelley;Yasir;Kevin;Ap #863-538 At St.;(335) 437-4651
406;505;Page;Warren;Zachary;Ap #666-7536 Consectetuer St.;(675) 851-1942
407;506;Olsen;Giselle;Fleur;Ap #560-303 Tellus Rd.;(653) 262-0145
408;507;Yates;Armando;Adrian;700-5156 Nibh Av.;(720) 372-1268
409;508;Anthony;Anika;Steven;1087 Lacus. Street;(280) 180-4940
410;509;Zamora;Joy;Cameran;Ap #760-6813 Ut St.;1-918-588-5986
411;510;Pitts;Rashad;Jasmine;539-7972 Ac Rd.;1-265-725-4696
412;511;Marquez;Zane;Martha;Ap #331-8673 Sociis Street;1-244-604-8631
413;512;Levy;Vance;Jena;P.O. Box 682, 3424 Mauris Avenue;(916) 638-2267
414;513;Downs;Addison;Mufutau;620-4209 Dictum Street;(306) 112-9384
415;514;Burch;Allistair;Gannon;284-4613 Felis Street;1-433-868-5986
416;515;Dickerson;Larissa;Priscilla;P.O. Box 828, 4968 Eget, Avenue;1-888-812-6123
417;516;Grimes;Echo;Sybill;Ap #574-5336 Aenean Av.;(485) 656-1750
418;517;Fowler;Abigail;Shannon;P.O. Box 468, 9232 Augue Road;1-614-314-6149
419;518;Norton;Odette;Paloma;Ap #266-9979 Sed Ave;1-683-457-1883
420;519;Witt;Madison;Sonya;8114 Neque Avenue;1-647-683-2665
421;520;English;Kristen;Benjamin;Ap #850-7641 Ridiculus Rd.;1-641-248-4558
422;521;Lindsay;Zephania;Indigo;Ap #315-9928 Neque Avenue;(680) 270-3716
423;522;Wiggins;Shaeleigh;Richard;Ap #392-9264 Mauris. Rd.;(544) 559-2488
424;523;Gardner;Madaline;Allistair;Ap #911-4990 Maecenas St.;(473) 802-1563
425;524;Warner;Mohammad;Josiah;4915 Diam Av.;1-857-663-8536
426;525;Meadows;Kenneth;Emily;Ap #460-8063 Ac Rd.;(657) 564-3156
427;526;Stanton;Nadine;Heidi;567-6011 Lectus Rd.;(882) 816-7344
428;527;Martin;Gregory;Oliver;3618 Metus. Avenue;1-865-153-7750
429;528;Rowe;Odessa;Natalie;P.O. Box 775, 3023 Fringilla Avenue;(402) 880-1312
430;529;Lindsey;Xandra;Bree;284-8601 Dis Ave;(161) 896-7380
431;530;Saunders;Jesse;Lyle;403-1933 Lorem Road;(598) 248-7910
432;531;Mcdaniel;Lisandra;Fallon;Ap #394-2589 Porttitor Rd.;(623) 648-6358
433;532;Key;Haley;Unity;Ap #999-3043 Cursus. Rd.;1-980-698-7260
434;533;Hawkins;Len;Scarlett;P.O. Box 347, 7329 Mauris Road;1-344-128-6228
435;534;Huber;Zephania;Todd;428-2668 Porttitor Road;(972) 446-2186
436;535;Roman;Ryder;Cameron;Ap #954-8291 Metus Street;(285) 827-4346
437;536;Yang;Hadassah;Sierra;P.O. Box 248, 4366 Accumsan Avenue;1-197-438-3188
438;537;Garrison;Perry;Brenna;Ap #293-1793 Malesuada Rd.;1-631-221-5841
439;538;O'donnell;Martena;Melissa;P.O. Box 836, 247 Id Rd.;1-114-681-4964
440;539;Davenport;Donovan;Roth;892-1881 Non Av.;(876) 781-2442
441;540;Carroll;Jamal;Vladimir;Ap #186-5319 Ipsum Av.;1-215-602-2510
442;541;Clarke;Ulric;Nicholas;6603 Eget Av.;1-946-436-2616
443;542;Zamora;Hayden;Amaya;391-9847 Sem St.;(797) 822-9600
444;543;Rich;Bruce;Myles;775-1309 Pede St.;1-881-216-8805
445;544;Whitehead;Jocelyn;Oscar;P.O. Box 170, 9284 Bibendum Rd.;(755) 582-6176
446;545;Carver;Harrison;Dante;P.O. Box 376, 3226 Posuere Rd.;(542) 315-0638
447;546;Cash;Kerry;Dylan;612-2980 Vitae Av.;1-115-231-4702
448;547;Hurst;Cassandra;Kennedy;P.O. Box 783, 2319 Eu Av.;1-921-451-8078
449;548;Mcgee;Garth;Nichole;7343 Lorem Road;(242) 852-5769
450;549;Burke;Shea;Gay;P.O. Box 699, 2724 Sem Rd.;1-868-788-3878
451;550;Lindsay;Palmer;Kadeem;3308 Risus Rd.;1-307-405-6844
452;551;Ballard;Kiayada;Madaline;957-9902 Curabitur Rd.;1-346-668-7783
453;552;Pope;Alexandra;Shafira;945-2810 Dictum Av.;1-324-683-0764
454;553;Watkins;Heidi;Cheryl;738-4404 Faucibus Avenue;(212) 545-1688
455;554;Ayala;Jasper;Amaya;Ap #969-458 Morbi Avenue;(886) 358-5012
456;555;Preston;Mona;Ocean;349-5418 Eu Street;1-763-522-8527
457;556;Roberson;Mollie;Danielle;P.O. Box 125, 4352 Imperdiet St.;1-676-937-3345
458;557;Page;Vera;Haviva;5654 Magna Street;(367) 143-1884
459;558;Kent;Gavin;Hannah;4511 Felis Ave;(817) 881-5889
460;559;Blake;Graham;Baker;9617 Odio. Ave;1-833-581-6205
461;560;Mosley;Zorita;Mariko;P.O. Box 891, 2894 Tempus St.;1-672-618-5345
462;561;Ware;Lewis;Cassidy;875-2974 Et Road;(557) 384-9335
463;562;Rowe;Larissa;Grant;Ap #664-5087 Nec St.;(420) 825-9063
464;563;Warner;McKenzie;Sydnee;178-5697 Mauris. Av.;(107) 808-3355
465;564;Blanchard;Melinda;Kerry;P.O. Box 646, 2581 Eget Rd.;1-714-642-1298
466;565;Sullivan;Maya;Amir;323-4449 Vulputate, Rd.;1-653-274-5126
467;566;Anderson;Cade;Margaret;P.O. Box 444, 7334 Lobortis, St.;(531) 282-3278
468;567;Cochran;Sasha;Anika;283-1851 Tellus. Street;(737) 905-9030
469;568;Barry;Kylan;Nayda;Ap #478-5861 Dictum Street;1-806-830-4244
470;569;Clark;Curran;Wayne;Ap #904-473 Tincidunt, St.;(155) 390-4802
471;570;Santana;Andrew;Regina;904-1407 Vulputate, Ave;1-924-651-1590
472;571;Hoover;Plato;Hillary;674-8620 Lacus, Rd.;1-246-316-2127
473;572;Jordan;Rebekah;Lucas;154-2137 Vitae Street;1-296-656-8864
474;573;Woodard;Deacon;Grant;Ap #209-1529 Neque Street;(436) 196-3556
475;574;Gillespie;September;Ivory;858-5601 Nec Road;1-246-360-4574
476;575;Wheeler;Nevada;Chester;607-5145 At, Ave;(848) 747-1464
477;576;Clements;Cara;Karleigh;Ap #195-1990 Quisque Av.;(762) 582-5187
478;577;Mendoza;Bruce;Marvin;P.O. Box 417, 7205 Neque. Av.;(363) 728-6335
479;578;Bray;Summer;Avram;Ap #438-7075 Nunc Rd.;(460) 489-1771
480;579;Battle;Mark;Olga;Ap #907-2901 Velit Rd.;(465) 338-4824
481;580;Dennis;Whoopi;Illiana;Ap #101-4361 Congue, St.;1-597-322-8663
482;581;Goodwin;Todd;Ava;Ap #367-1573 Lorem Road;(676) 313-8835
483;582;Odom;Darius;Uma;120-220 Nunc Avenue;(435) 522-5128
484;583;Mcintosh;Kibo;Imelda;3255 Mauris Street;1-590-173-5571
485;584;Newton;Nathan;Colton;5402 Et Av.;(536) 293-7273
486;585;Frost;James;Gray;249-9473 Mollis Rd.;(556) 472-0674
487;586;Bridges;Hyacinth;Damian;Ap #576-8848 Sem Street;1-862-673-8652
488;587;Hodges;Gavin;Felix;9928 Magna. Rd.;(331) 109-6793
489;588;Dejesus;Kaitlin;Myra;5227 Venenatis Rd.;(731) 508-4881
490;589;Byers;Regan;Zachary;Ap #466-3036 Sem Road;(408) 727-5296
491;590;Henson;Charity;Edan;662-3862 Aliquam Avenue;(849) 614-6737
492;591;Humphrey;Demetria;Candice;2090 Fringilla. Avenue;1-444-608-1555
493;592;Blackburn;Hu;Maryam;102-5515 Etiam Rd.;(267) 642-5283
494;593;Ramirez;Logan;Sybil;7889 Suspendisse Street;1-939-544-7416
495;594;Martin;Rylee;Rajah;378 Donec Rd.;(548) 582-6834
496;595;Frye;Georgia;Cheryl;262-9189 Dui, Av.;(839) 298-5503
497;596;Morton;Kamal;Lee;Ap #542-9919 Ut Avenue;1-240-437-0988
498;597;Boyle;Isabelle;Avram;838-1155 Pede Street;1-834-384-2188
499;598;Thompson;Lenore;Rebecca;P.O. Box 580, 1425 Diam. Rd.;1-449-636-1428
500;599;Madden;Leila;Edward;Ap #638-6807 Nibh. Avenue;1-796-252-8895
